{"cameraMode":{"drawMode":0,"name":"Shaded","section":"Shading Mode"},"sceneLighting":true,"audioPlay":false,"sceneViewState":{"m_AlwaysRefresh":false,"showFog":true,"showSkybox":true,"showFlares":true,"showImageEffects":true,"showParticleSystems":true,"showVisualEffectGraphs":true,"m_FxEnabled":true},"in2DMode":false,"pivot":{"x":0.097419872879982,"y":0.6023192405700684,"z":-1.903876781463623},"rotation":{"x":-0.007322338409721851,"y":-0.9749893546104431,"z":0.21976768970489503,"w":-0.032482124865055087},"size":1.4671449661254883,"orthographic":false}